{
  "name": "angular-slick",
  "version": "0.2.1",
  "main": "dist/slick.js",
  "ignore": [
    "app",
    ".editorconfig",
    ".gitattributes",
    ".gitignore ",
    ".jshintrc",
    "Gruntfile.js",
    "README.md ",
    "bower.json",
    "package.json"
  ],
  "keywords": [
    "angular",
    "slick",
    "carousel"
  ],
  "dependencies": {
    "angular": "~1.3.0",
    "slick-carousel": "~1.4.1"
  },
  "author": {
    "name": "Vasyl Stanislavchuk"
  },
  "homepage": "https://github.com/vasyabigi/angular-slick",
  "_release": "0.2.1",
  "_resolution": {
    "type": "version",
    "tag": "0.2.1",
    "commit": "63d0822cb5aff98b3a70617b753c0cd6178803d0"
  },
  "_source": "git://github.com/vasyabigi/angular-slick.git",
  "_target": "~0.2.1",
  "_originalSource": "angular-slick",
  "_direct": true
}