{
  "name": "angular-dropdowns",
  "version": "1.5.1",
  "homepage": "https://github.com/jseppi/angular-dropdowns",
  "authors": [
    "James Seppi <james.seppi@gmail.com> (http://github.com/jseppi)",
    "elliottregan",
    "eddimonge",
    "JustMaier",
    "ramiroaraujo",
    "tlvince",
    "dinodsaurus",
    "elishacook",
    "alexisbg",
    "BDomzalski",
    "Chinokao",
    "pistolete"
  ],
  "description": "AngularJS Dropdown Directives",
  "main": [
    "dist/angular-dropdowns.min.js",
    "dist/angular-dropdowns.min.css"
  ],
  "keywords": [
    "angular",
    "dropdown",
    "select"
  ],
  "ignore": [
    "example",
    "index.html"
  ],
  "license": "MIT",
  "_release": "1.5.1",
  "_resolution": {
    "type": "version",
    "tag": "v1.5.1",
    "commit": "871c6f0266942e9d93905894fcb169d69dfcb184"
  },
  "_source": "git://github.com/jseppi/angular-dropdowns.git",
  "_target": "~1.5.1",
  "_originalSource": "angular-dropdowns",
  "_direct": true
}